{
    "lowerbound": [
        -140.0,
        -206.0,
        -324.0,
        -247.0,
        -153.0,
        -249.0,
        -369.0,
        -522.0,
        -554.0,
        -411.0,
        -290.0,
        -209.0
    ],
    "upperbound": [
        287.0,
        297.0,
        236.0,
        118.5,
        270.0,
        245.5,
        219.0,
        297.0,
        366.0,
        450.0,
        451.0,
        396.0
    ],
    "mean": [
        5.622049505829037,
        4.537620654165549,
        -0.8964619193835834,
        -5.075796828683222,
        3.2509140435792867,
        1.7725217207125687,
        -4.41860866722981,
        -1.0616772766580358,
        0.302278735985121,
        3.961643053908876,
        5.625844938350825,
        5.81754326621565
    ],
    "std": [
        30.861452973026513,
        30.915267230231606,
        30.178325363966387,
        26.94871508767518,
        26.3165026530996,
        26.36872834418436,
        37.778946020903675,
        53.39644127691462,
        55.202043533815356,
        48.059486827199315,
        44.85669739782776,
        38.16819110063952
    ]
}